{
  "project_info": {
    "project_number": "602642688303",
    "project_id": "map-ddd25",
    "storage_bucket": "map-ddd25.appspot.com"
  },
  "client": [
    {
      "client_info": {
        "mobilesdk_app_id": "1:602642688303:android:02408f1a13e781fd15d9da",
        "android_client_info": {
          "package_name": "com.example.googlemap"
        }
      },
      "oauth_client": [
        {
          "client_id": "602642688303-95l7vv8rr0rvnpfh5de0mcec1gut28us.apps.googleusercontent.com",
          "client_type": 3
        }
      ],
      "api_key": [
        {
          "current_key": "AIzaSyCHXuQHClwjDhkEqTY26WPs3m7sbUbaX3E"
        }
      ],
      "services": {
        "appinvite_service": {
          "other_platform_oauth_client": [
            {
              "client_id": "602642688303-95l7vv8rr0rvnpfh5de0mcec1gut28us.apps.googleusercontent.com",
              "client_type": 3
            }
          ]
        }
      }
    }
  ],
  "configuration_version": "1"
}